size,age,plant_name,shown_name,plant_id,user_id
4.54,13,Enneapogon Desv. ex P. Beauv.,Water Cracked Lichen,1,424
9.69,3,Pseudobraunia californica (Lesq.) Broth.,Shasta Red Fir,2,98
9.09,18,Rubus cuneifolius Pursh,Dwarf Mountain Ragwort,3,575
5.78,22,Scutellaria potosina Brandegee ssp. potosina var. tessellata (Epling) B.L. Turner,Pine Green Gentian,4,969
2.63,6,Halimolobos perplexa (L.F. Hend.) Rollins var. lemhiensis C.L. Hitchc.,Goldenfruit Sedge,5,705
4.78,1,Rytidosperma racemosum (R. Br.) Connor & Edgar,Port Clarence Indian Paintbrush,6,420
2.59,21,Evernia mesomorpha Nyl.,Longmamma Nipple Cactus,7,216
7.49,3,Helenium elegans DC.,Australian Water-clover,8,900
5.02,24,Thalictrum texanum (A. Gray) Small,Winecup Clarkia,9,859
9.6,10,Monnina Ruiz & Pav.,Pedicellate Phacelia,10,503
6.92,21,Acacia rigidula Benth.,Witch's Moneybags,11,222
8.97,3,Panicum alatum F. Zuloaga & O. Morrone var. longiflorum F. Zuloaga & O. Morrone,Simpleleaf Chastetree,12,72
8.66,10,Sidalcea calycosa M.E. Jones ssp. calycosa,Philonotis Moss,13,271
5.62,23,Phlox bifida Beck ssp. bifida,Nikko Fir,14,680
4.33,10,Descurainia incana (Bernh. ex Fisch. & C.A. Mey.) Dorn ssp. incana,Indian Jointvetch,15,729
8.17,23,Thaspium trifoliatum (L.) A. Gray var. trifoliatum,Chaparral Pea,16,998
8.1,10,Ranunculus nivalis L.,California Butterwort,17,470
6.65,8,Rhynchospora domingensis Urb.,Spiny Menodora,18,774
1.89,14,Nothoperanema (Tagawa) Ching,Treculia,19,675
6.57,1,Veronica peregrina L. ssp. peregrina,Blackseed Sandspurry,20,852
7.91,18,Ranunculus occidentalis Nutt. var. occidentalis,Showy Goldenrod,21,167
5.99,3,Myriotrema glaucescens (Nyl.) Hale,Bluewings,22,980
3.17,9,Rosa stellata Wooton ssp. mirifica (Greene) W.H. Lewis,Halfmoon Milkvetch,23,417
0.22,4,Clematis occidentalis (Hornem.) DC. var. occidentalis,Thyrea Lichen,24,485
3.3,8,Plagiomnium cuspidatum (Hedw.) T. Kop.,Littlecup Beardtongue,25,560
0.61,4,Pilophorus robustus Th. Fr.,Hawai'ian Buttercup,26,78
0.47,10,Heterophyllium (Schimp.) Müll. Hal. ex Kindb.,Delosperma,27,521
3.06,11,Orbignya cohune (Mart.) Dahlgren ex Standl.,Turnsole Heliotrope,28,765
5.21,3,Nectouxia formosa Kunth,Puerto Rico Royal Palm,29,798
0.88,18,Crepis vesicaria L.,Bulrush,30,359
9.5,22,Suaeda Forssk. ex J.F. Gmel.,Threelobe Pygmymelon,31,710
7.31,6,Polygonum bungeanum Turcz.,Florida Skullcap,32,534
8.07,25,Ipomopsis havardii (A. Gray) V.E. Grant,Sawgrass,33,224
8.66,25,Clematis ligusticifolia Nutt. var. californica S. Watson,Escoba Babosa,34,763
3.8,10,Stylisma villosa (Nash) House,Bluedome Primrose,35,939
9.96,19,Hypotrachyna livida (Taylor) Hale,American Spurred Gentian,36,800
3.78,24,Machaeranthera canescens (Pursh) A. Gray ssp. canescens,Gunnera,37,440
4.34,4,Paronychia drummondii Torr. & A. Gray,Orange Lichen,38,942
2.57,16,Woodwardia fimbriata Sm.,Weakstalk Bulrush,39,11
0.78,8,Adolphia californica S. Watson,Cotoneaster,40,812
3.06,10,Astragalus newberryi A. Gray var. newberryi,Withe,41,381
1.94,12,Piper swartzianum (Miq.) C. DC.,Crossidium Moss,42,195
2.51,19,Toxicodendron Mill.,Turner's Water-willow,43,919
2.23,20,Tradescantia pinetorum Greene,Altai Fescue,44,511
1.22,25,Mandevilla brachysiphon (Torr.) Pichon,Brittle Spineflower,45,71
4.97,3,Dracopis amplexicaulis (Vahl) Cass.,Leather-root,46,87
3.29,4,Strigula submuriformis (R.C. Harris) R.C. Harris,Acacia,47,953
6.79,13,Conyza primulifolia (Lam.) Cuatrec. & Lourteig,Rock Goldenrod,48,731
0.0,8,Campanula bononiensis L.,Golden Tiara Clematis,49,178
6.53,7,Plumbago indica L.,Manihot,50,249
4.66,18,Sabatia brevifolia Raf.,Oettinger's Trillium,51,572
8.82,17,Pohlia melanodon (Brid.) Shaw,Reutealis,52,481
3.15,2,Bryum muehlenbeckii Bruch & Schimp.,Needleleaf Bluet,53,452
2.62,12,Nonea lutea (Desr.) Rchb. ex DC.,Sanicle,54,85
8.94,9,Streptanthus albidus Greene ssp. albidus,Wild Grape,55,10
5.72,22,Cryptantha cinerea (Greene) Cronquist var. arenicola Higgins & S.L. Welsh,Grapplinghook,56,74
5.76,7,Calamagrostis epigeios (L.) Roth ssp. epigeios,Smooth Phlox,57,913
6.67,13,Bulbostylis schaffneri (Boeckeler) C.B. Clarke,Forest Redgum,58,908
6.26,18,Lachnocaulon minus (Chapm.) Small,Waterton Lakes Cryptantha,59,30
7.03,23,Caulanthus simulans Payson,Poverty Oatgrass,60,792
5.84,6,Hesperolinon adenophyllum (A. Gray) Small,Rubber Rabbitbrush,61,728
7.67,18,Eriogonum jamesii Benth. var. rupicola Reveal,Sticky Blue Eyed Mary,62,1000
9.64,8,Lewisia kelloggii K. Brandegee,Robust Spineflower,63,507
5.29,3,Hyptis Jacq.,Peruvian Muhly,64,347
5.07,7,Enneapogon Desv. ex P. Beauv.,Texas Fluffgrass,65,810
9.99,4,Chenopodium berlandieri Moq. var. bushianum (Aellen) Cronquist,Mat Saltbush,66,554
6.75,22,Bouchea Cham.,Cardinal's-guard,67,788
2.51,21,Rubus curtipes L.H. Bailey,Blue Wildrye,68,593
4.91,10,Catapyrenium michelii (A. Massal.) R. Sant.,Palespike Lobelia,69,966
2.46,20,Sassafras albidum (Nutt.) Nees,Different-nerve Sedge,70,173
4.67,21,Lupinus latifolius Lindl. ex J. Agardh,Yellowcomet,71,876
2.04,17,Enemion stipitatum (A. Gray) J.R. Drumm. & Hutch.,Bluejoint,72,371
4.03,17,Macleaya R. Br.,Clamshell Orchid,73,362
6.68,20,Pinus ×attenuradiata Stockw. & Righter,Blue Ridge Horsebalm,74,204
1.87,15,Leavenworthia exigua Rollins var. laciniata Rollins,Verdolaguilla,75,456
6.82,16,Orbignya barbosiana Burret,Jepson's Bedstraw,76,940
4.33,4,Ranunculus occidentalis Nutt. var. occidentalis,Alpine Phaesporobolus,77,259
8.68,18,Desmatodon randii (Kenn.) Laz.,Lesser Duckweed,78,305
6.16,12,Lavatera cretica L.,Plateau Catchfly,79,983
4.79,17,Astragalus nuttallianus DC. var. imperfectus (Rydb.) Barneby,Chalice Lichen,80,905
7.21,1,Pipturus Weddell,Adder's-mouth Orchid,81,869
6.75,19,Hypericum suffruticosum P. Adams & N. Robson,South American Bonnet Orchid,82,108
9.52,5,Pellaea glabella Mett. ex Kuhn,Chaenothecopsis Lichen,83,236
7.97,24,Hypotrachyna livida (Taylor) Hale,Withe-rod,84,992
1.89,11,Melampodium cinereum DC. var. hirtellum Stuessy,Yarrow,85,521
7.6,15,Scutellaria drummondii Benth. var. runyonii B.L. Turner,Langsdorf's Copaifera,86,37
0.59,4,Perovskia Kar.,Falseteeth,87,137
4.63,18,Melissa L.,Cutleaf Bur Cucumber,88,712
6.93,3,Melpomense flabelliformis (Poir.) A.R. Sm. & C.R. Moran,Loulu,89,157
5.69,10,Seymeria pectinata Pursh ssp. pectinata,Howell's Jewelflower,90,296
8.43,23,Candelina Poelt,Kamchatka Aconite,91,49
1.46,4,Euonymus atropurpureus Jacq.,Fall Dandelion,92,764
8.33,9,Gnetum gnemon L.,Fernow Oak,93,211
2.88,18,Houstonia serpyllifolia Michx.,Mono Draba,94,462
8.32,7,Prosopis glandulosa Torr. var. glandulosa,Showy Goldeneye,95,619
4.33,5,×Elyhordeum arcuatum Mitchell & Hodgson,Red Triangles,96,47
3.25,24,Deinandra clementina (Brandegee) B.G. Baldw.,Cole's Hawthorn,97,138
1.28,17,Polanisia tenuifolia Torr. & A. Gray,Palmer's Breadroot,98,709
3.49,2,Erigeron utahensis A. Gray var. utahensis,Cracked Lichen,99,491
9.29,9,Stachys ajugoides Benth.,Pygmydaisy,100,132
3.04,21,Teesdalia nudicaulis (L.) W.T. Aiton,Imbricate Wreath Lichen,101,133
5.8,11,Camissonia claviformis (Torr. & Frém.) P.H. Raven ssp. aurantiaca (Munz) P.H. Raven,Common Tarweed,102,405
6.86,20,Lomatium parryi (S. Watson) J.F. Macbr.,Tracy's Desertparsley,103,479
1.85,25,Pinus ×attenuradiata Stockw. & Righter,Rim Lichen,104,312
1.37,25,Paronychia drummondii Torr. & A. Gray,Horehound,105,123
5.25,8,Lupinus latifolius Lindl. ex J. Agardh,Mongolia Thrombium Lichen,106,991
0.66,7,Acarospora immersa Fink,Johnny-nip,107,78
6.14,5,Tillandsia flexuosa Sw.,Virginia Wildrye,108,563
3.44,24,Alchemilla venosa Juz.,Marsh Blue Violet,109,584
1.75,9,Lepidium fremontii S. Watson var. fremontii,Junak's Desertdandelion,110,498
3.03,10,Mycocalicium Vain.,Sack Saltbush,111,289
2.22,4,Piper swartzianum (Miq.) C. DC.,Schott's Sedge,112,654
2.83,23,Eryngium leavenworthii Torr. & A. Gray,Cyrtandra,113,361
5.5,4,Clerodendrum inerme (L.) Gaertn.,Pygmy Waterlily,114,371
1.78,5,Agalinis divaricata (Chapm.) Pennell,Coville's Dwarf Sand Verbena,115,189
8.6,13,Stereocaulon groenlandicum (E. Dahl) Lamb,Quillwort,116,945
6.49,21,Thalia geniculata L.,Rough Hawkweed,117,208
0.43,12,Egletes viscosa (L.) Less.,Coastal Plain Panicgrass,118,443
5.15,20,Penstemon heterophyllus Lindl. ssp. australis (Munz & I.M. Johnst.) D.D. Keck,Fleabane,119,699
3.76,16,Hypericum suffruticosum P. Adams & N. Robson,Bejuco De Miel,120,925
9.78,7,Ipomopsis congesta (Hook.) V.E. Grant ssp. viridis (Cronquist) Day,Sicklepod Holdback,121,360
1.05,16,Helleborus orientalis Lam.,Marshland Blackberry,122,828
0.02,11,Aegopogon Humb. & Bonpl. ex Willd.,Lapalapa,123,454
5.03,20,Verbena montevidensis Spreng.,Sticky Liveforever,124,997
6.85,18,Lecanora behringii Nyl.,Oldfield Grass,125,591
6.72,21,Helenium elegans DC.,Attalea Palm,126,678
0.83,12,Hexastylis arifolia (Michx.) Small var. arifolia,Silverleaf Milkvetch,127,143
7.09,23,Portulaca grandiflora Hook.,Dwarf Pepperweed,128,557
6.09,7,Schoenocrambe linifolia (Nutt.) Greene,Hitchenia,129,720
0.64,10,Herpetineuron toccoae (Sull. & Lesq.) Cardot,Cup Lichen,130,391
7.0,15,Eremalche parryi (Greene) Greene ssp. kernensis (C.B. Wolf) D.M. Bates,Inyo Milkvetch,131,689
8.18,14,Anthracothecium varians R.C. Harris,Mudmats,132,632
3.95,17,Sterculia apetala (Jacq.) Karst.,Whiteheart,133,749
0.7,8,Sorbus scopulina Greene var. cascadensis (G.N. Jones) C.L. Hitchc.,Schreber's Dicranella Moss,134,18
1.89,4,Opuntia engelmannii Salm-Dyck ex Engelm. var. flavispina (L.D. Benson) Parfitt & Pinkava,Yellowflower Clermontia,135,853
6.2,14,Aquilegia coerulea James var. pinetorum (Tidestr.) Payson ex Kearney & Peebles,Paraguayan Starbur,136,439
2.41,2,Ambrosia trifida L.,Coastal Lovegrass,137,310
2.8,16,Aristida stricta Michx.,Ray Goldenweed,138,773
0.07,24,Enemion stipitatum (A. Gray) J.R. Drumm. & Hutch.,Manketti,139,303
5.01,23,Mimulus laciniatus A. Gray,Dwarf Clover,140,679
4.14,5,Orobanche hederae Duby,Powdery Liveforever,141,636
0.36,16,Capparis baducca L.,Texas Desert Goldenrod,142,181
5.26,7,Stevia ovata Willd.,Bulrush,143,812
7.09,21,Didymodon fallax (Hedw.) R.H. Zander var. reflexus (Brid.) R.H. Zander,Sphagnum,144,422
5.37,25,Mentzelia multicaulis (Osterh.) A. Nelson ex J. Darl. var. multicaulis,Vetivergrass,145,811
4.77,16,Senecio serra Hook.,Soft Phlox,146,134
9.38,15,Ranunculus glacialis L. ssp. glacialis,Peru Roccella Lichen,147,619
5.29,12,Eragrostis gangetica (Roxb.) Steud.,Gulf Skullcap,148,362
0.72,12,Ipomopsis havardii (A. Gray) V.E. Grant,Hypotrachyna Lichen,149,435
1.28,18,Ayenia ardua Cristobal,Field Pumpkin,150,411
8.9,7,Aphanostephus ramosissimus DC. var. humilis (Benth.) B.L. Turner & Birdsong,Mourning Milkvetch,151,415
7.47,12,Quercus garryana Douglas ex Hook.,Cleftleaf Wildheliotrope,152,799
5.28,9,Keysseria maviensis (H. Mann) Cabrera,Mustard,153,615
3.31,2,Sterculia apetala (Jacq.) Karst.,Thornless Dewberry,154,815
8.92,10,Alvaradoa amorphoides Liebm. ssp. psilophyllis (Urb.) Cronquist,James' Cryptantha,155,985
8.04,19,Lobelia kauaensis (A. Gray) A. Heller,Oldplainsman,156,534
1.74,13,Penstemon distans N.H. Holmgren,Fulvous Popcornflower,157,239
2.6,13,Erodium gruinum (L.) L'Hér. ex Aiton,Parish's Spikerush,158,629
1.68,20,Eleocharis elliptica Kunth,Low Spearwort,159,892
7.62,7,Campanula exigua Rattan,Intermediate Pottia Moss,160,777
2.26,12,Hexastylis Raf.,Kerria,161,740
2.63,12,Orbignya cohune (Mart.) Dahlgren ex Standl.,Vanbrunt's Polemonium,162,988
4.46,23,Rudbeckia hirta L. var. angustifolia (T.V. Moore) Perdue,Professor's Fleabane,163,757
1.32,3,Sabatia brevifolia Raf.,Runyon's Onion,164,63
0.24,6,Agalinis Raf.,Dwarf Popcornflower,165,433
8.88,18,Calyptranthes martorellii Alain,Gina's Phacelia,166,445
2.53,23,Crescentia portoricensis Britton,Hybrid Violet,167,104
2.25,22,Crataegus marshallii Eggl.,Alaskan Phlox,168,889
7.8,11,Croton texensis (Klotzsch) Müll. Arg. var. utahensis Cronquist,Basil Mountainmint,169,144
6.47,9,Galactia mollis Michx.,Chaparral Silktassel,170,11
9.29,25,Eragrostis pilosa (L.) P. Beauv.,Greenman's Bluet,171,964
3.83,21,Halimolobos perplexa (L.F. Hend.) Rollins var. lemhiensis C.L. Hitchc.,Basswood,172,297
4.47,23,Letrouitia vulpina (Tuck.) Hafellner & Bellem.,Pecos River Skeletonplant,173,653
9.15,2,Fimbristylis perpusilla Harper ex Small & Britton,Leafcover Saltweed,174,875
9.5,18,Penstemon subserratus Pennell,Wood's Bunchflower,175,327
0.33,16,Andreaea crassinervia Bruch,Sickle Senna,176,559
6.88,15,Berlandiera lyrata Benth.,Cypress,177,918
6.37,16,Leymus salinus (M.E. Jones) Á. Löve ssp. mojavensis Barkworth & Atkins,Hidden Orchid,178,447
7.37,11,Polymnia canadensis L.,Chamelaucium,179,727
2.77,12,Phacelia phacelioides (Benth.) Brand,Coulter's Saltbush,180,10
9.31,5,Opuntia ×cubensis Britton & Rose,Ornduff's Meadowfoam,181,838
0.43,17,Ericameria bloomeri (A. Gray) J.F. Macbr.,Hoary Mountainmint,182,111
1.09,5,Camissonia claviformis (Torr. & Frém.) P.H. Raven ssp. aurantiaca (Munz) P.H. Raven,Pumice Alpinegold,183,398
5.18,5,Leptochloa decipiens (R. Br.) Stapf ex Maiden ssp. peacockii (Maiden & Betche) N. Snow,Marsh Muhly,184,158
4.38,6,Stenandrium dulce (Cav.) Nees var. floridanum A. Gray,Toothed Flatsedge,185,210
1.5,13,Thelesperma Less.,Menzies' Spirea,186,898
2.61,16,Desmatodon guepinii Bruch & Schimp.,Tree Cholla,187,44
6.09,7,Iris brevicaulis Raf.,Platygraphopsis Lichen,188,934
9.29,7,Tayloria serrata (Hedw.) Bruch & Schimp.,Melaleuca,189,233
2.98,24,Litsea aestivalis (L.) Fernald,Figleaf Gourd,190,49
6.34,6,Penstemon heterophyllus Lindl. ssp. australis (Munz & I.M. Johnst.) D.D. Keck,Waianae Range Tetramolopium,191,303
7.71,13,Symphyotrichum priceae (Britton) G.L. Nesom,Denseflower Bladderpod,192,961
9.65,8,Eriogonum lancifolium Reveal & Brotherson,White Arctic Mountain Heather,193,296
7.26,11,Ctenitis honolulensis (Hook.) Copeland,Coastal Plain Buckbrush,194,625
5.16,25,Sphagnum molle Sull.,Custard Apple,195,977
0.3,10,Spiranthes lacera (Raf.) Raf.,Canada Lily,196,209
0.49,21,Hebestigma cubense (Kunth) Urb. var. cubense,Wild Plantain,197,685
2.84,25,Carex incurviformis Mack. var. incurviformis,Gholson's Spider-lily,198,929
4.26,2,Juncus patens E. Mey.,Indian Rosewood,199,587
4.82,19,Perityle lindheimeri (A. Gray) Shinners,Molokai Jackbean,200,194
3.28,20,Lupinus densiflorus Benth. var. austrocollium C.P. Sm.,Rendle's Meadow Foxtail,201,334
6.72,9,Hexastylis Raf.,Guayule,202,705
8.53,2,Eragrostis cilianensis (All.) Vign. ex Janchen,Common Yarrow,203,540
5.68,5,Dryas drummondii Richardson ex Hook. var. drummondii,Warnock's Fishhook Cactus,204,631
8.21,21,Everniastrum Hale ex Sipman,Glandular Threadplant,205,876
4.64,12,Bouteloua kayi Warnock,Veiny Dock,206,46
6.0,14,Eryngium aristulatum Jeps. var. parishii (J.M. Coult. & Rose) Mathias & Constance,Cockspur Pricklypear,207,472
2.05,15,Lilium washingtonianum Kellogg ssp. washingtonianum,Plateau Milkvine,208,509
0.15,21,Ambrosia artemisiifolia L. var. artemisiifolia,Fall Rosette Grass,209,120
2.45,6,Spergularia macrotheca (Hornem.) Heynh.,Palo De Ramon,210,181
1.26,12,Phacelia higginsii N.D. Atwood,Marsh Rose Gentian,211,328
6.54,12,Mitracarpus maxwelliae Britton & P. Wilson,Spotted Beebalm,212,845
0.3,6,Dalea bartonii Barneby,Bluntleaf Bedstraw,213,836
7.71,8,Nothoperanema (Tagawa) Ching,Lace Lipfern,214,445
3.44,8,Phemeranthus spinescens (Torr.) Hershkovitz,Ringseed Rush,215,339
8.77,1,Erigeron lackschewitzii G.L. Nesom & W.A. Weber,Suksdorf's Spikerush,216,621
7.1,13,Ipomoea triloba L.,Kidney Lichen,217,57
7.09,19,Polymnia canadensis L.,Heermann's Buckwheat,218,261
4.85,19,Lobelia feayana A. Gray,Maui Hala Pepe,219,279
9.91,19,Carex sterilis Willd.,Branched Noseburn,220,545
7.39,6,Acer negundo L. var. texanum Pax,Sculptured Popcornflower,221,446
8.13,4,Horkelia hispidula Rydb.,Japanese Pachysandra,222,221
8.9,21,Herpetineuron toccoae (Sull. & Lesq.) Cardot,Western Oat,223,710
0.95,23,Sassafras albidum (Nutt.) Nees,Odontites,224,156
6.47,11,Fatsia Decne. & Planch.,Moldy Bread And Cheese,225,948
5.11,25,Usnea merrillii Mot.,Erect Spiderling,226,317
2.77,22,Pseudognaphalium roseum (Kunth) Anderb.,Arctodupontia,227,129
5.03,9,Agalinis divaricata (Chapm.) Pennell,Nevada Pea,228,731
5.32,18,Symphyotrichum priceae (Britton) G.L. Nesom,Boulder Sedge,229,37
2.93,2,Deinandra clementina (Brandegee) B.G. Baldw.,Rim Lichen,230,335
6.12,13,Marshallia trinervia (Walter) Trel.,Red Stonecrop,231,140
9.84,11,Chamaesyce villifera (Scheele) Small,Wedgeleaf Primrose,232,308
7.7,11,Iris brevicaulis Raf.,Mourning-cypress,233,131
6.29,3,Limosella aquatica L.,Bigelow's Linanthus,234,137
7.22,12,Ipomoea meyeri (Spreng.) G. Don,Lesser Snakeroot,235,522
4.21,21,Calamintha nepeta (L.) Savi ssp. nepeta,Kousa Dogwood,236,726
8.04,11,Arabis microphylla Nutt.,Indian Bowstring Hemp,237,613
2.21,19,Psoroma tenue Henssen var. borealis Henssen,Texas Toothleaf,238,868
9.87,7,Brickellia coulteri A. Gray,Inflated Beardtongue,239,606
1.58,25,Triumfetta bogotensis DC.,Cuban Ticktrefoil,240,687
4.99,14,Boronia Sm.,Rio Grande Beeblossom,241,345
4.19,8,Reynosia uncinata Urb.,Pore Lichen,242,353
3.65,11,Arctostaphylos andersonii A. Gray,Ironweed,243,802
2.52,12,Litsea aestivalis (L.) Fernald,Medio Bluestem,244,118
0.1,21,Geranium arboreum A. Gray,Japanese Arisaema,245,374
3.65,7,Dalea purpurea Vent. var. purpurea,Onosma,246,93
1.2,4,Brassavola R. Br.,Sarcographa Lichen,247,585
4.73,12,Carex raynoldsii Dewey,Marsh Fleabane,248,512
3.96,21,Eleocharis tenuis (Willd.) Schult. var. verrucosa (Svens.) Svens.,Pacific Island Thintail,249,947
6.09,21,Escobaria vivipara (Nutt.) Buxbaum,Juratzk's Amblystegium Moss,250,467
8.49,7,Polygala californica Nutt.,Red Buckeye,251,34
9.45,24,Juncus longistylis Torr. var. scabratus F.J. Herm.,Roadside Crabgrass,252,898
7.66,25,Eremochloa ciliaris (L.) Merr.,Sulphur-flower Buckwheat,253,408
2.06,18,Lepidium oblongum Small var. insulare C.L. Hitchc.,Solandra,254,626
1.73,22,Eragrostis cilianensis (All.) Vign. ex Janchen,Bastardsage,255,996
0.1,8,Agalinis acuta Pennell,Point Reyes Lupine,256,407
9.96,19,Adolphia californica S. Watson,Drummond's Milkvetch,257,847
9.55,21,Evernia mesomorpha Nyl.,Artocarpus,258,973
3.44,9,Tetraplodon Bruch & Schimp.,Arrowleaf Elephant's Ear,259,569
6.59,19,Macleaya R. Br.,Nodding Blue-eyed Grass,260,674
4.31,16,Agalinis Raf.,Oregon Checkerbloom,261,920
3.62,12,Dubautia imbricata H. St. John & G.D. Carr ssp. acronaea G.D. Carr,Pineland Milkberry,262,141
0.29,1,Vaupesia cataractarum R.E. Schult.,Divaricate Navarretia,263,503
2.29,13,Liatris lancifolia (Greene) Kittell,Brachythecium Moss,264,282
9.27,24,Marshallia trinervia (Walter) Trel.,Loosestrife,265,228
8.15,14,Arctium lappa L.,Eaton's Fleabane,266,59
2.76,13,Astragalus acutirostris S. Watson,Rough Eyelashweed,267,918
5.17,16,Nephelium L.,Western Mountain Aster,268,632
8.28,10,Spigelia marilandica (L.) L.,Sacred Garlic Pear,269,497
4.6,18,Cyperus echinatus (L.) Alph. Wood,Big-horn Bog Orchid,270,815
7.33,6,Houstonia serpyllifolia Michx.,Bitter Cherry,271,900
4.97,8,Sphaeralcea caespitosa M.E. Jones var. caespitosa,False Mannagrass,272,906
2.97,2,Calyptranthes portoricensis Britton,Florida Willow,273,987
4.6,3,Lycium pallidum Miers,Canby's Lobelia,274,113
6.76,8,Anthoceros fusiformis Austin,Fence Morning-glory,275,881
0.64,19,Micropus californicus Fisch. & C.A. Mey.,Canyon Bird's-foot Trefoil,276,968
1.69,1,Eryngium leavenworthii Torr. & A. Gray,Wildrye,277,121
9.24,17,Opuntia ×cubensis Britton & Rose,Manystem Blazingstar,278,991
7.86,7,Yucca campestris McKelvey,Cusp Blazing Star,279,654
7.83,16,Lomatium dasycarpum (Torr. & A. Gray) J.M. Coult. & Rose,Giant Reed,280,964
3.44,21,Cuphea carthagenensis (Jacq.) J.F. Macbr.,Sprawling Dewberry,281,769
0.1,14,Physalis peruviana L.,Marshweed,282,911
4.31,21,Setaria verticilliformis Dunart.,California Rockjasmine,283,983
4.85,11,"Hymenocallis franklinensis G. Lom. Sm., L.C. Anderson & Flory",False Foxglove,284,445
1.84,15,Plagiomnium cuspidatum (Hedw.) T. Kop.,Virginia Springbeauty,285,428
1.26,25,Coreopsis californica (Nutt.) H. Sharsm. var. newberryi (A. Gray) E.B. Sm.,Naked Milkvetch,286,543
2.83,18,Pinus ×attenuradiata Stockw. & Righter,American Grama,287,525
7.42,5,Thelotrema lathraeum Tuck.,Eared Hedgemustard,288,695
7.4,20,Prosopis glandulosa Torr. var. glandulosa,Tree Blackberry,289,791
0.48,2,Sphagnum fimbriatum Wilson,Capillary Hairsedge,290,645
5.01,10,Aeschynomene gracilis Vogel,Yellow Hatpins,291,180
2.8,14,Orthotrichum striatum Hedw.,Mountain Alsinidendron,292,35
0.89,10,Schedonnardus paniculatus (Nutt.) Trel.,Parrotbeak Orchid,293,28
0.96,22,Plumbago indica L.,Cattle Saltbush,294,675
4.55,22,Candelina Poelt,Princess Of The Night,295,656
9.96,21,Bahia Lag.,Dwarf Elderberry,296,564
7.78,7,Sagittaria sanfordii Greene,Brachydontium Moss,297,659
7.85,16,Verbesina dissita A. Gray,Indian Rosewood,298,500
8.31,6,Callirhoe triangulata (Leavenworth) A. Gray,Sweet Boronia,299,237
1.75,3,Cryptantha cinerea (Greene) Cronquist var. arenicola Higgins & S.L. Welsh,Eastern Featherbells,300,215
3.39,19,Tillandsia flexuosa Sw.,Fremont's Tidytips,301,402
7.39,2,Saxifraga lyallii Engl. ssp. hultenii (Calder & Savile) Calder & Roy L. Taylor,Creeping Mannagrass,302,816
1.66,3,Lichenoconium Petr. & H. Sydow,Lindsey's Cyanea,303,551
5.94,3,Brickellia oblongifolia Nutt. var. oblongifolia,Fall Tansyaster,304,412
2.74,12,Phlox nivalis Lodd. ex Sweet ssp. nivalis,Purple Amole,305,968
8.67,1,"Hymenocallis franklinensis G. Lom. Sm., L.C. Anderson & Flory",Hoarypea,306,803
1.49,5,Arctium ×nothum (Ruhmer) J. Weiss,Goldenrain Tree,307,790
4.28,4,Metrosideros polymorpha Gaudich. var. macrophylla (Rock) H. St. John,Shield Lichen,308,856
4.07,19,Triphysaria eriantha (Benth.) T.I. Chuang & Heckard ssp. rosea (A. Gray) T.I. Chuang & Heckard,Cliff Desertdandelion,309,991
9.44,5,Lomatium parryi (S. Watson) J.F. Macbr.,Sticky Sage,310,388
0.84,7,Ferocactus cylindraceus (Engelm.) Orcutt var. lecontei (Engelm.) H. Bravo,Little Curlygrass Fern,311,841
2.07,22,Matelea flavidula (Chapm.) Woodson,Elkweed,312,452
7.69,11,Thelotrema lathraeum Tuck.,Smallflower Lousewort,313,400
6.83,2,Eriogonum mortonianum Reveal,Eastern Gray Beardtongue,314,178
7.26,25,Bullatina Vezda & Poelt,Catalina Island Mountain Mahogany,315,69
3.35,1,Antheropeas wallacei (A. Gray) Rydb.,Laurel Amarillo,316,189
6.59,3,Tayloria serrata (Hedw.) Bruch & Schimp.,Fleshyfruit Gladecress,317,702
7.11,22,Maclura tinctoria (L.) D. Don ex Steud.,Pore Lichen,318,542
0.6,6,Dalbergia candenatensis (Dennst.) Prain,Alpine Bedstraw,319,379
4.94,1,Bothriochloa ischaemum (L.) Keng var. songarica (Rupr. ex Fisch. & C.A. Mey.) Celarier & Harlan,Arizona Cliffrose,320,799
9.33,21,Crataegus uvaldensis Sarg.,Stiff Yellow Flax,321,171
6.23,4,Thaspium trifoliatum (L.) A. Gray,Stalked-flower Johnnyberry,322,302
4.56,1,Leavenworthia exigua Rollins var. laciniata Rollins,Tropical Bog Orchid,323,618
7.59,2,Caloplaca durietzii Zahlbr.,Victoria's Owl-clover,324,127
6.73,9,Cladonia merochlorophaea Asah.,Yellowflower Locoweed,325,903
2.24,22,Philadelphus confusus Piper,Maine Dewberry,326,365
7.67,3,Lupinus bicolor Lindl. ssp. tridentatus (Eastw. ex C.P. Sm.) D. Dunn var. rostratus (Eastw.) Jeps.,Brachythecium Moss,327,553
0.82,9,Hymenophyllum hirsutum (L.) Sw.,Tahitian Spinach,328,859
7.13,21,Quercus ×runcinata (A. DC.) Engelm.,Coyote Mint,329,935
1.45,19,Eriogonum umbellatum Torr. var. cladophorum Gandog.,Cowhorn Orchid,330,384
6.74,20,Alchemilla venosa Juz.,Shaggy Lupine,331,597
5.79,20,Calochortus elegans Pursh,Snowqueen,332,512
4.1,17,Trifolium gracilentum Torr. & A. Gray var. gracilentum,Mojave Pricklypoppy,333,592
4.37,6,Spermacoce confusa Rendle,Perilla,334,120
5.59,15,Clematis occidentalis (Hornem.) DC. var. occidentalis,European Stoneseed,335,391
6.22,10,Carex atrosquama Mack.,Grass Of Parnassus,336,722
2.42,22,Colutea arborescens L.,Prairie Crab Apple,337,711
0.45,2,Panicum miliaceum L. ssp. ruderale (Kitagawa) Tzvelev,Steptoe Valley Beardtongue,338,194
8.51,23,Pinckneya bracteata (W. Bartram) Raf.,Whiteray Leastdaisy,339,600
3.82,23,Rhynchospora indianolensis Small,Chestnut Sedge,340,349
0.13,21,Crepis runcinata (James) Torr. & A. Gray ssp. runcinata,Eggers' Century Plant,341,674
9.14,21,Chamaecrista diphylla (L.) Greene,Sawblade,342,740
6.43,2,Oligotrichum Lam. & DC.,Mexican Oregano,343,125
9.16,19,Condalia hookeri M.C. Johnst. var. edwardsiana (Cory) M.C. Johnst.,Hedgehyssop,344,936
0.91,9,Cirsium andrewsii (A. Gray) Jeps.,Burridge's Greenthread,345,343
5.94,16,Lasianthus Jack,Cedar,346,635
1.39,25,Oxytropis besseyi (Rydb.) Blank.,Lathrocasis,347,155
5.31,19,Oxycaryum Nees,Rubbervine,348,611
0.74,12,Orbignya cohune (Mart.) Dahlgren ex Standl.,Chiricahua Fleabane,349,749
7.96,19,Collema dichotomum (With.) Coppins & J.R. Laundon,Wright's Wirelettuce,350,506
3.41,18,Physaria saximontana Rollins var. saximontana,Fringed Windmill Grass,351,625
2.56,15,Fritillaria micrantha A. Heller,Humped Bladderwort,352,354
7.47,19,Dicranella schreberiana (Hedw.) Hilf. ex H.A. Crum & L.E. Anderson var. robusta (Schimp. ex Braithw.) H.A. Crum & L.E. Anderson,Fivelobe Cucumber,353,91
7.08,21,Dalea tenuifolia (A. Gray) Shinners,Needle Grama,354,250
9.3,15,Croton discolor Willd.,Snow Raspberry,355,799
1.45,17,Leymus ajanensis (V. Vassil.) Tzvelev,Parry's Gentian,356,803
0.62,4,Dicranopteris Bernh.,Island Wallflower,357,758
6.73,20,Lilium philadelphicum L.,Northern Lecidea Lichen,358,165
3.84,18,Cryptantha nemaclada Greene,Mountainparsley,359,560
2.09,18,Astragalus acutirostris S. Watson,Alpine Shootingstar,360,545
4.29,17,Platanthera ×channellii J.P. Folsom,Woolly Distaff Thistle,361,372
8.38,22,Seymeria pectinata Pursh ssp. pectinata,Dozedaisy,362,489
0.57,5,Melampodium longicorne A. Gray,Rogue River Stonecrop,363,349
3.52,18,Arthonia glaucescens Nyl.,Soft Beard Lichen,364,38
8.4,24,Astragalus sepultipes (Barneby) Barneby,Greater Yellow Lady's Slipper,365,898
8.52,7,Crataegus ×anomala Sarg. (pro sp.),Woolly Meadowfoam,366,881
1.57,22,Arthopyrenia majuscula (Nyl.) Zahlbr.,Small Rocklettuce,367,663
7.03,17,Rhynchospora domingensis Urb.,Halifax Blackberry,368,363
8.77,7,Polygonum cascadense W.H. Baker,Grahm's Columbine,369,701
2.99,24,Arceuthobium laricis (Piper) H. St. John,Mealy Fumewort,370,208
1.65,24,Pimenta racemosa (Mill.) J.W. Moore var. racemosa,Amphianthus,371,217
3.06,17,Carissa L.,Douglas-fir Dwarf Mistletoe,372,807
6.74,25,Antheropeas wallacei (A. Gray) Rydb.,Hatiora,373,519
5.4,20,Geranium arboreum A. Gray,Cajeput,374,380
6.23,16,Hebestigma cubense (Kunth) Urb. var. cubense,Stinkweed,375,178
3.33,21,Opuntia engelmannii Salm-Dyck ex Engelm. var. flavispina (L.D. Benson) Parfitt & Pinkava,Jaeger's Joshua Tree,376,245
8.16,13,Lessingia arachnoidea Greene,Spotted Water Hemlock,377,352
8.14,18,Arctium minus Bernh.,Red Bluet,378,417
3.02,23,Helleborus orientalis Lam.,Trachycystis Moss,379,167
8.71,25,Hemizonia congesta DC. ssp. luzulifolia (DC.) Babc. & H.M. Hall,Pansch's Racomitrium Moss,380,674
7.62,10,Mimulus luteus L.,Rock Gooseberry,381,77
5.48,7,Rudbeckia hirta L. var. angustifolia (T.V. Moore) Perdue,Arizona Adder's-mouth Orchid,382,483
4.86,12,Garrya Douglas ex Lindl.,Dallisgrass,383,867
7.76,7,Sphaeralcea caespitosa M.E. Jones var. caespitosa,Serpentine Milkweed,384,262
9.49,4,Sclerolinon digynum (A. Gray) C.M. Rogers,Disc Lichen,385,910
3.08,10,Carex disperma Dewey,Toothpetal Monkeyflower,386,904
4.99,12,Gardenia brighamii Gardenia brighamii,Strychnos,387,275
3.21,25,Smilax aspera L.,Hoffmann's Cryptantha,388,689
6.93,2,Everniastrum Hale ex Sipman,Red Goosefoot,389,259
6.32,20,Eryngium aristulatum Jeps. var. parishii (J.M. Coult. & Rose) Mathias & Constance,American Burnweed,390,511
1.69,8,Psiguria pedata (L.) Howard,Santa Rosa Island Sage,391,566
7.97,16,Cosmos caudatus Kunth,Manyflower False Threadleaf,392,996
9.36,3,Monardella nana A. Gray ssp. arida (H.M. Hall) Abrams,Stanfield's Beebalm,393,191
7.93,22,Brickellia oblongifolia Nutt. var. oblongifolia,Eaton's Fleabane,394,329
4.63,9,Anisomeridium tamarindi (Fée) R.C. Harris,Rosy Sandcrocus,395,153
1.8,7,Arabis laevigata (Muhl. ex Willd.) Poir.,Ambiguous Trematodon Moss,396,30
9.5,19,Ischaemum rugosum Salisb.,Hollisteria,397,255
8.16,7,Dudleya traskiae (Rose) Moran,Ballmustard,398,325
4.99,17,Berberis wisleyensis Ahrendt,Cuban Nutrush,399,682
0.39,18,Coleus Lour.,Wart Lichen,400,263
5.76,15,Sanicula smallii E.P. Bicknell,White Marsh Marigold,401,176
7.71,3,Peltula Nyl.,Chelan Beardtongue,402,186
9.85,12,Leymus ×vancouverensis (Vasey) Pilg. (pro sp.),African Caper,403,287
3.64,12,Salvia splendens Sellow ex Roem. & Schult.,Phaeorrhiza Lichen,404,219
2.28,18,Dryas octopetala L. ssp. octopetala var. octopetala,Eurhynchium Moss,405,738
5.43,19,Lomatium dasycarpum (Torr. & A. Gray) J.M. Coult. & Rose,Kurile Larch,406,928
5.13,17,Corispermum americanum (Nutt.) Nutt. var. rydbergii Mosyakin,Lithophila,407,436
4.58,15,Ratibida peduncularis (Torr. & A. Gray) Barnhart var. picta (A. Gray) Sharp,Bulbous Canarygrass,408,565
9.66,15,Stachys rigida Nutt. ex Benth. var. quercetorum (A. Heller) G. Mulligan & D. Munro,Coyote Ceanothus,409,292
0.65,21,Stenochlaena tenuifolia (Desv.) T. Moore,Barnacle Lichen,410,722
6.74,21,Pittosporum resiniferum Hemsl.,Tellima,411,206
5.67,6,Heuchera villosa Michx. var. villosa,Schiede's Sedge,412,628
8.88,19,Scabrethia scabra (Hook.) W.A. Weber ssp. scabra,Siskiyou Mountain Owl's-clover,413,170
8.11,11,Pterolepis glomerata (Rottb.) Miq.,California Helianthella,414,131
7.58,9,Plagiomnium cuspidatum (Hedw.) T. Kop.,Conanicut Island Blackberry,415,349
1.07,19,Linum berlandieri Hook. var. filifolium (Shinners) C.M. Rogers,Bulbous Adderstongue,416,919
3.06,21,Ranunculus glacialis L. ssp. glacialis,Joewood,417,157
2.08,25,Sorghum bicolor var. bicolor × bicolor var. sudanense [unnamed hybrid],Pinewoods Lousewort,418,277
5.4,3,Microgramma C. Presl,Smallhead Rush,419,575
1.7,14,Scleria pauciflora Muhl. ex Willd. var. pauciflora,Abata Cola,420,192
1.3,9,Hyoscyamus niger L.,Calyptocarpus,421,87
3.33,15,Eriastrum sapphirinum (Eastw.) H. Mason ssp. sapphirinum,Myrtle Of The River,422,644
0.18,14,Calyptranthes portoricensis Britton,Lapalapa,423,433
5.17,10,Penstemon acuminatus Douglas ex Lindl. var. acuminatus,Nerine,424,912
5.38,23,Cirsium andrewsii (A. Gray) Jeps.,Slender Goldentop,425,836
6.56,1,Physalis crassifolia Benth. var. versicolor (Rydb.) Waterf.,Velvet Phyllostegia,426,681
1.43,16,Castilleja lemmonii A. Gray,Nuttall's Ticktrefoil,427,308
7.25,4,Callirhoe triangulata (Leavenworth) A. Gray,Doghobble,428,829
7.65,18,Phlox andicola E.E. Nelson ssp. parvula Wherry,Downy Hawthorn,429,49
4.77,2,Polygonum bungeanum Turcz.,Lemonyellow False Goldenaster,430,843
5.09,19,Strophostyles Elliott,Littleflower Roseling,431,364
9.14,2,Prosopis glandulosa Torr. var. glandulosa,Pleuroziopsis Moss,432,805
1.88,24,Dalea nana Torr. ex A. Gray var. nana,Caracas Rattlebox,433,428
1.8,20,Calochortus albus Douglas ex Benth.,Coastal Plain Honeycombhead,434,197
2.43,23,Euonymus atropurpureus Jacq.,Greenwood's Goldenbush,435,715
2.91,7,Pimenta racemosa (Mill.) J.W. Moore var. racemosa,Asian Ghostweed,436,336
5.36,18,Leptochloa P. Beauv.,Searchlight Pricklypear,437,930
3.06,13,Juncus subcaudatus (Engelm.) Coville & S.F. Blake,Bracted Passionflower,438,641
9.29,11,Alocasia cucullata (Lour.) G. Don,Merismatium Lichen,439,580
3.81,3,Cardionema ramosissimum (Weinm.) A. Nelson & J.F. Macbr.,Melaspilea Lichen,440,343
6.98,3,Polanisia tenuifolia Torr. & A. Gray,Mexican Skullcap,441,489
3.0,18,Tetrapanax (K. Koch) K. Koch,Stinking Iris,442,585
0.33,22,Lupinus magnificus M.E. Jones var. hesperius (A. Heller) C.P. Sm.,Alpine Pondweed,443,147
0.31,17,Limprichtia revolvens (Sw.) Loeske,Lyall's Goldenweed,444,391
1.6,13,Iris hartwegii Baker ssp. hartwegii,Cochise Dodder,445,10
7.57,25,Carex aperta Boott,Sycamore Muhly,446,979
6.66,21,Centaurium arizonicum (A. Gray) A. Heller,Melothria,447,896
1.68,4,Trifolium gracilentum Torr. & A. Gray var. gracilentum,Blackgirdle Bulrush,448,462
2.46,4,Pedicularis bracteosa Benth.,Leadwood,449,46
2.28,13,Artemisia cina O. Berg & C.F. Schmidt,Platydictya Moss,450,743
9.26,9,Umbilicaria vellea (L.) Ach.,Cyrtandra,451,49
5.79,11,Dryas drummondii Richardson ex Hook. var. drummondii,Cooke's Phacelia,452,203
3.21,5,Opuntia ×cubensis Britton & Rose,Royal Flatsedge,453,236
6.86,3,Rhynchospora megaplumosa Bridges & Orzell,Shortflower Rattlebox,454,802
9.92,19,Callirhoe alcaeoides (Michx.) A. Gray,Veatch's Blazingstar,455,275
2.34,20,Cladrastis Raf.,Deane's Milkvetch,456,134
7.39,9,Rinodina herrei H. Magn.,Heterocarpon Lichen,457,681
8.54,1,Acer negundo L. var. texanum Pax,Marie Galante Cotton,458,825
5.72,23,Gaillardia aristata Pursh,Dwarf Rotala,459,40
7.64,6,Triteleia ixioides (W.T. Aiton) Greene ssp. anilina (Greene) Lenz,Broom Dalea,460,213
7.38,5,Townsendia microcephala Dorn,Gray's Cloak Fern,461,95
0.35,14,Stereocaulon sasakii Zahlbr.,Creamcups,462,894
4.27,4,Amoreuxia wrightii A. Gray,Marshland Goosefoot,463,690
7.68,4,Plagiomnium cuspidatum (Hedw.) T. Kop.,Burdock Clover,464,580
9.95,5,Cornus sericea L. ssp. occidentalis (Torr. & A. Gray) Fosberg,Neoparrya,465,664
1.36,24,Verrucaria aquilella Nyl.,American Bird's-foot Trefoil,466,864
2.62,21,Malaxis major (Rchb. f.) Léon ex A.D. Hawkes,Camwood,467,723
0.16,11,Anthoceros fusiformis Austin,Mat Rockspirea,468,29
6.97,4,Hymenophyllum tegularis (Desv.) Proctor & Lourteig,Hybrid Oak,469,572
5.03,20,Acamptopappus shockleyi A. Gray,Derris,470,392
2.6,18,Spiranthes lacera (Raf.) Raf.,Yellowturbans,471,445
0.59,14,Cyrtandra ×kipapaensis H. St. John & Storey (pro sp.),Eastern Swampprivet,472,4
0.9,6,Piper swartzianum (Miq.) C. DC.,Punctelia,473,131
9.0,21,Salix herbacea L.,False Buffalograss,474,407
1.28,7,Symphyotrichum potosinum (A. Gray) G.L. Nesom,Washoe Lupine,475,279
3.83,13,Gilia flavocincta A. Nelson ssp. flavocincta,Drummond's Aster,476,872
6.63,22,Crataegus uvaldensis Sarg.,Fuckel's Corticifraga Lichen,477,359
7.32,1,Anemone lyallii Britton,Brown Barrel,478,569
0.54,16,Podocarpus macrophyllus (Thunb.) Sweet var. maki Endl.,Serpentine Bristleweed,479,548
4.91,16,Angelica L.,Spotted Calla Lily,480,592
1.83,6,Centaurea aspera L.,Fragile Oat,481,744
1.39,13,Sphaeralcea fendleri A. Gray ssp. albescens Kearney,Leptopterigynandrum Moss,482,757
1.71,4,Phlox bifida Beck ssp. bifida,Black Beadfern,483,66
6.28,5,Calamintha nepeta (L.) Savi ssp. nepeta,Pygmycedar,484,94
7.26,25,Platanthera macrophylla (Goldie) P.M. Brown,Carpetweed,485,34
9.37,23,Rudbeckia laciniata L.,Nutrush,486,622
9.91,15,Boerhavia acutifolia (Choisy) J.W. Moore,Alyssum Evening Primrose,487,184
1.42,4,Berlandiera lyrata Benth.,Bigseed Dodder,488,836
0.33,8,Anemone lyallii Britton,Interior Ironweed,489,644
5.01,5,Cistanthe umbellata (Torr.) Hershkovitz var. caudicifera (A. Gray) Kartesz & Gandhi,Mexican Giant Horsetail,490,983
2.33,2,Ambrosia tenuifolia Spreng.,Coastal Searocket,491,350
8.65,22,Maytenus cymosa Krug & Urb.,Guatemalan Indigo,492,324
7.96,19,Phacelia inconspicua Greene,Urban's Lineleaf Fern,493,391
0.9,9,Ornithopus pinnatus (Mill.) Druce,Norwegia Angelica,494,413
6.36,9,Arctostaphylos viscida Parry ssp. viscida,Sicana,495,588
2.94,8,Viola ×melissifolia Greene,Missouri River Willow,496,970
3.97,17,Campanula bononiensis L.,Whorled Mountainmint,497,388
2.9,9,Cirsium andrewsii (A. Gray) Jeps.,Axilflower,498,241
9.45,23,Asterothyrium Müll. Arg.,Toothed Flatsedge,499,61
3.77,9,Bulbostylis schaffneri (Boeckeler) C.B. Clarke,Southern Blue Monkshood,500,380
4.63,12,Cyperus echinatus (L.) Alph. Wood,Ashgray Indian Paintbrush,501,287
2.27,2,Psiguria pedata (L.) Howard,Tufted Wirelettuce,502,745
4.6,20,Bothriochloa ischaemum (L.) Keng var. songarica (Rupr. ex Fisch. & C.A. Mey.) Celarier & Harlan,Northern Singlespike Sedge,503,639
0.18,11,Psoroma tenue Henssen var. borealis Henssen,Beach Suncup,504,20
1.05,10,Croton texensis (Klotzsch) Müll. Arg. var. utahensis Cronquist,Leechleaf Delissea,505,209
3.48,16,Eucalyptus rubida H. Deane & Maiden,Fly Orchid,506,959
1.91,20,Sabatia arenicola Greenm.,Twoleaf Miterwort,507,564
2.19,20,Peltula Nyl.,Elephant's Ear,508,741
8.12,1,Melpomense flabelliformis (Poir.) A.R. Sm. & C.R. Moran,Alkali Phacelia,509,212
1.94,25,Poa nemoralis L. ssp. interior (Rydb.) W.A. Weber,Sugarberry,510,565
8.53,16,Calystegia R. Br.,Smooth Woodsia,511,447
3.58,20,Lathyrus palustris L.,Racemose Phacelia,512,724
2.98,13,Anthoceros fusiformis Austin,False Spiraea,513,888
9.66,13,Sorbus scopulina Greene var. cascadensis (G.N. Jones) C.L. Hitchc.,Summit Colicwood,514,467
5.24,4,Trillium ludovicianum Harbison,Crawford's Sedge,515,53
3.19,6,Cryptantha micrantha (Torr.) I.M. Johnst. var. lepida (A. Gray) I.M. Johnst.,Mountain Soursop,516,17
1.19,15,Encalypta ciliata Hedw.,Acutetip Cup Lichen,517,793
5.36,21,Cyperus diandrus Torr.,Sedge,518,909
8.76,9,Heterodermia appalachensis (Kurok.) W.L. Culb.,Balloonbush,519,550
9.27,6,Polygonum bungeanum Turcz.,Dumbcane,520,147
2.24,13,Gilia flavocincta A. Nelson ssp. flavocincta,Macdougal's Indian Parsley,521,235
4.5,2,Eriogonum sphaerocephalum Douglas ex Benth. var. sphaerocephalum,Pincushion Beardtongue,522,848
5.35,3,Diploicia canescens (Dicks.) A. Massal.,King Desertparsley,523,418
7.43,8,Rhabdadenia biflora (Jacq.) Müll. Arg.,Netleaf Swampprivet,524,789
5.01,2,Asterothyrium Müll. Arg.,Carpenter's Groundcherry,525,256
8.9,10,Triticum turanicum Jakubz.,Brachythecium Moss,526,166
1.22,9,Condalia hookeri M.C. Johnst. var. edwardsiana (Cory) M.C. Johnst.,California Horkelia,527,484
3.76,1,Macleaya R. Br.,Waianae Range Yellow Loosestrife,528,748
5.67,9,Amsinckia lunaris J.F. Macbr.,Smooth Joyweed,529,529
0.84,4,Ceanothus cyaneus Eastw.,Lecidella Lichen,530,676
5.68,4,Alchemilla L.,Sitka Sedge,531,341
5.1,4,Hesperolinon adenophyllum (A. Gray) Small,Snow Buckwheat,532,196
1.32,25,Oxytropis scammaniana Hultén,Allegheny Monkeyflower,533,42
9.05,24,Crataegus marshallii Eggl.,Wheeler's Tarweed,534,61
1.57,6,Andreaea crassinervia Bruch,Florida Hoarypea,535,87
5.77,16,Rhamnus serrata Humb. & Bonpl. ex Schult.,Mourning-cypress,536,433
9.3,17,Brickellia grandiflora (Hook.) Nutt.,Bog White Violet,537,218
6.77,19,Arundo donax L.,Elephant's Ear,538,305
2.87,6,Astragalus robbinsii (Oakes) A. Gray var. fernaldii (Rydb.) Barneby,Stiffstem Saxifrage,539,73
8.59,18,Melinis minutiflora P. Beauv.,Lesica's Draba,540,460
0.29,18,Vernicia Lour.,Coastal Bluff Bentgrass,541,208
8.6,12,Anemone lyallii Britton,Melonleaf Nightshade,542,516
2.85,8,Crescentia portoricensis Britton,Carruth's Sagewort,543,573
6.17,13,Lupinus densiflorus Benth. var. austrocollium C.P. Sm.,Jumping Cholla,544,583
6.36,8,Ambrosia tenuifolia Spreng.,Rose Glorybower,545,804
1.81,2,Pseudognaphalium roseum (Kunth) Anderb.,Northern Singlespike Sedge,546,514
2.61,23,Clerodendrum inerme (L.) Gaertn.,Silverleaf Hydrangea,547,290
1.28,14,Thalictrum texanum (A. Gray) Small,Puerto Rico Croton,548,138
7.07,4,Corethrogyne filaginifolia (Hook. & Arn.) Nutt.,Scorpion Senna,549,580
3.57,23,Vaccinium virgatum Aiton,Mealy Lichen,550,462
9.29,1,Oxytropis scammaniana Hultén,Cottonwood,551,12
3.83,20,Stachys ajugoides Benth.,Yew Plum Pine,552,454
0.92,22,Monardella viridis Jeps. ssp. viridis,Klamath Cinquefoil,553,848
3.38,11,Penstemon humilis Nutt. ex A. Gray ssp. obtusifolius (Pennell) D.D. Keck,Tephromela Lichen,554,256
4.86,24,Boronia Sm.,Bingen Lupine,555,75
2.11,6,Luina Benth.,Buff Fleabane,556,238
1.97,3,Thelesperma Less.,Kennedy's Tropical Bent,557,319
3.83,13,Eragrostis cilianensis (All.) Vign. ex Janchen,Leconte's Barrel Cactus,558,713
9.89,20,Physaria floribunda Rydb. var. osterhoutii (Payson) Rollins,Grassleaf Coneflower,559,528
4.94,24,Teesdalia nudicaulis (L.) W.T. Aiton,Northern Evening Primrose,560,754
6.93,2,Lupinus truncatus Nutt. ex Hook. & Arn.,Kneeling Angelica,561,648
8.0,4,Corchorus aestuans L.,Heartleaf Philodendron,562,807
1.56,11,Pityopsis graminifolia (Michx.) Nutt. var. graminifolia,Orthotrichum Moss,563,312
8.82,5,Paronychia drummondii Torr. & A. Gray,Black Sand Spikerush,564,751
1.69,11,Lupinus breweri A. Gray,Wislizenus' False Threadleaf,565,783
3.21,14,Banisteriopsis caapi (Spruce ex Griseb.) Morton,Crawe's Sedge,566,897
0.53,2,Labordia fagraeoidea Gaudich.,Cetraria Lichen,567,846
8.76,20,Mitracarpus maxwelliae Britton & P. Wilson,Green Fly Orchid,568,245
7.38,8,Polytrichum formosum Hedw.,Summer Ragwort,569,305
5.16,1,Piper jacquemontianum Kunth,Fir Clubmoss,570,614
8.12,24,Spergularia rubra (L.) J. Presl & C. Presl,Goosefoot Violet,571,17
5.28,25,Limosella aquatica L.,Egret Mudplantain,572,496
8.53,21,Tropidia polystachya (Sw.) Ames,Balsam Groundsel,573,293
3.04,16,Cladonia luteoalba Wheldon & A. Wilson,Jack In The Pulpit,574,260
6.31,25,Polygonum bistorta L.,Balkan Pincushions,575,823
8.22,20,Nephelium L.,Mearns' Bird's-foot Trefoil,576,542
4.76,2,Digitaria Haller,Pyxidanthera,577,33
1.56,2,Pseudobraunia californica (Lesq.) Broth.,Coville's Endolepis,578,622
3.68,3,Stenaria Raf. ex Steud.,Parry's False Prairie-clover,579,278
2.01,21,Notocactus (K.M. Schum.) Backeb. & F.M. Knuth,Karroothorn,580,249
9.41,25,Callirhoe triangulata (Leavenworth) A. Gray,Tapellaria Lichen,581,354
1.99,7,Strophostyles Elliott,Longleaf Cupgrass,582,893
4.4,2,Ochrosia kilaueaensis H. St. John,Laurel-leaf Soldierbush,583,986
8.93,8,Schisandra Michx.,Australasian Geranium,584,100
8.74,15,Verbesina dissita A. Gray,Felwort,585,543
2.78,14,Phacelia inconspicua Greene,Miege Clover,586,16
1.55,2,Portulaca grandiflora Hook.,Xylographa Lichen,587,962
7.65,19,"Pentagramma triangularis (Kaulf.) Yatsk., Windham & E. Wollenw. ssp. viscosa (D.C. Eaton) Yatsk., Windham & E. Wollenw.",Arctic Dock,588,350
2.74,5,Lathyrus japonicus Willd. var. parviflorus Fassett,Coastal Eryngo,589,822
2.14,9,"Hymenocallis franklinensis G. Lom. Sm., L.C. Anderson & Flory",Northeastern Sedge,590,250
4.98,10,Campylium stellatum (Hedw.) C.E.O. Jensen var. protensum (Brid.) Bryhn,Sandwort,591,854
3.88,23,Iris brevicaulis Raf.,Cecidonia Lichen,592,885
2.89,8,Ptelea trifoliata L. ssp. pallida (Greene) V. Bailey var. pallida,Spiked Woodrush,593,815
1.85,22,Clematis ×jackmanii T. Moore,Smooth Small-leaf Ticktrefoil,594,909
6.7,14,Caulanthus simulans Payson,Big Bluestem,595,849
8.58,11,Lilium philadelphicum L.,Scalloped Laceleaf,596,495
3.02,4,Ipomoea triloba L.,Algal Bulrush,597,323
6.55,5,Calochortus albus Douglas ex Benth.,Shrimpplant,598,523
1.74,1,Schedonnardus paniculatus (Nutt.) Trel.,Kangaroo Grass,599,92
7.18,21,Poeltinula cerebrina (DC.) Hafellner,Polymeridium Lichen,600,205
3.66,5,Lupinus arizonicus (S. Watson) S. Watson ssp. sonorensis Christian & D. Dunn,Sulphur-flower Buckwheat,601,111
0.99,8,Lobularia Desv.,Tree Of Heaven,602,895
2.14,19,Capsicum L.,Goose Tongue,603,880
8.73,15,Escobaria vivipara (Nutt.) Buxbaum,Husk Tomato,604,567
7.8,13,Brassavola R. Br.,Europe Sage,605,122
1.1,4,Laplacea Kunth,Richardson's Alumroot,606,577
5.11,19,Astrantia L.,Orange Lichen,607,35
3.39,21,Melpomense flabelliformis (Poir.) A.R. Sm. & C.R. Moran,Water Spangles,608,230
4.74,1,Thelesperma Less.,Flatspine Stickseed,609,821
4.68,19,Toxicodendron Mill.,Blue Threeawn,610,615
5.61,21,Strigula submuriformis (R.C. Harris) R.C. Harris,Thatching Grass,611,790
1.61,13,Clematis L.,Cascade Lily,612,609
8.65,1,Amoreuxia wrightii A. Gray,Salal,613,516
9.75,8,Keysseria helenae (Forbes & Lydgate) Cabrera,Obolaria,614,278
6.2,17,Malaxis major (Rchb. f.) Léon ex A.D. Hawkes,Nodding Bluet,615,658
2.75,25,Bletia patula Graham var. patula,Island Chinchweed,616,456
4.59,13,Bobea brevipes A. Gray,Galactic Dot Lichen,617,548
4.02,5,Astragalus robbinsii (Oakes) A. Gray var. fernaldii (Rydb.) Barneby,Dispersed Eggyolk Lichen,618,294
6.1,11,Sphaeralcea fendleri A. Gray ssp. albescens Kearney,Western Blue Virginsbower,619,818
4.76,10,Agalinis oligophylla Pennell,Robusta Coffee,620,425
8.21,16,Cystopteris utahensis Windham & Haufler,Showy Stonecrop,621,770
2.49,6,Lesquerella argyraea (A. Gray) S. Watson,Rat-tail Cholla,622,903
6.23,24,Aegopogon Humb. & Bonpl. ex Willd.,Pollock's Mill Blackberry,623,633
2.66,5,Typha L.,Velvetleaf,624,747
5.43,11,Paronychia drummondii Torr. & A. Gray,Dicranella Moss,625,24
1.41,20,Rubus deliciosus Torr.,Chokeberry,626,28
4.55,12,Lilium philadelphicum L.,Island Cyrtandra,627,576
5.65,14,Pulmonaria saccharata Mill.,Pincushion Beardtongue,628,255
9.1,13,Hieracium praealtum Vill. ex Gochnat var. praealtum Vill. ex Gochnat [excluded],Roundleaf Alumroot,629,170
5.02,21,Packera contermina (Greenm.) J.F. Bain,Western White Clematis,630,310
4.44,24,Pinguicula caerulea Walter,Camasey Almendre,631,422
4.98,17,Ribes oxyacanthoides L. ssp. cognatum (Greene) Sinnott,Tick Trefoil,632,346
4.96,5,Banisteriopsis caapi (Spruce ex Griseb.) Morton,Bleeding Heart,633,406
5.81,19,Saelania glaucescens (Hedw.) Broth.,Chilean Rabbitsfoot Grass,634,385
8.72,11,Ixora L.,Sierra Madre Larkspur,635,668
1.71,8,Kalanchoe blossfeldiana Poelln.,Bonnet Orchid,636,232
3.94,3,Rubus cuneifolius Pursh,Merrill's Lecidea Lichen,637,489
3.91,22,Lonicera ×heckrottii Rehder,Thompson's Buckwheat,638,561
3.82,21,Cyanea mannii (Brigham) Hillebr.,American Burnweed,639,199
8.3,19,Stylisma villosa (Nash) House,Hybrid Daffodil,640,925
3.19,8,Lesquerella pendula Rollins,Common Gypsyweed,641,42
3.57,25,Thaspium trifoliatum (L.) A. Gray,Purplenet Toadflax,642,266
4.68,14,Sterculia apetala (Jacq.) Karst.,Grassleaf Spurge,643,95
5.81,9,Sphagnum fimbriatum Wilson,Altea,644,610
9.45,18,Carex raynoldsii Dewey,Gigantochloa,645,276
9.59,24,Cladonia ochrochlora Flörke,Cucamonga Manroot,646,599
7.22,17,Peltigera kristinssonii Vitik.,Hana Forest Silversword,647,101
3.42,4,Triteleia ixioides (W.T. Aiton) Greene ssp. anilina (Greene) Lenz,Giant Wildrye,648,902
0.53,10,"Schiedea attenuata W.L. Wagner, S.G. Weller & A.K. Sakai",Matojillo Bluestem,649,6
8.22,16,Draba sobolifera Rydb.,Nodding Thelypody,650,353
8.04,8,Erigeron pringlei A. Gray,Club Cholla,651,172
3.37,4,Pedicularis bracteosa Benth.,Barbgrass,652,587
3.4,19,Potamogeton ×schreberi Fisch.,Disc Lichen,653,946
1.79,4,Gaillardia aristata Pursh,Rough Avens,654,917
0.69,17,Amaranthus pringlei S. Watson,Montane Peperomia,655,528
5.45,5,Melpomense flabelliformis (Poir.) A.R. Sm. & C.R. Moran,Eltrot,656,262
0.84,12,Botrychium crenulatum W.H. Wagner,Matilija Poppy,657,877
8.42,1,Pinus mugo Turra,Threeleaf Foamflower,658,723
4.75,9,Lilium philadelphicum L. var. philadelphicum,Sedge,659,570
0.07,3,Orbignya barbosiana Burret,Purple Speargrass,660,703
3.37,2,Agalinis Raf.,Roundtip Twinpod,661,770
2.58,14,Cladina subtenuis (Abbayes) Hale & W.L. Culb.,Hoaryleaf Ceanothus,662,243
8.52,16,Polanisia tenuifolia Torr. & A. Gray,Leciophysma Lichen,663,105
5.56,25,Calamintha nepeta (L.) Savi ssp. nepeta,Cithara Buckwheat,664,321
6.33,19,Pseudobraunia californica (Lesq.) Broth.,Leachlobe Cyphomeris,665,392
6.66,19,Abronia fragrans Nutt. ex Hook.,Flatstem Pondweed,666,951
8.97,7,Ribes oxyacanthoides L. ssp. cognatum (Greene) Sinnott,Filmy Fern,667,254
0.73,10,Quercus ×beaumontiana Sarg.,Navel Lichen,668,710
7.36,13,Tradescantia pinetorum Greene,Plume Albizia,669,911
9.55,23,Pipturus Weddell,Scarlet Begonia,670,20
8.0,14,Gardenia brighamii Gardenia brighamii,Nakedstem Hawksbeard,671,513
2.77,16,Pogogyne douglasii Benth.,Grand Coulee Owl's-clover,672,925
9.16,25,Erodium gruinum (L.) L'Hér. ex Aiton,Eared Flatsedge,673,241
0.12,6,Perityle lindheimeri (A. Gray) Shinners,Finmark's Leciophysma Lichen,674,879
4.37,5,Carex disperma Dewey,Georgia Frostweed,675,489
0.28,9,Antheropeas wallacei (A. Gray) Rydb.,Alaska Springbeauty,676,35
0.14,9,Cymbopogon nardus (L.) Rendle,Broadleaf Lupine,677,373
2.89,23,Rosa stellata Wooton ssp. mirifica (Greene) W.H. Lewis,Xylographa Lichen,678,949
0.73,3,Linum westii C.M. Rogers,Howeia,679,727
0.7,21,Hydrocotyle umbellata L.,Kidney Lichen,680,558
1.68,1,Poa unilateralis Scribn. ssp. pachypholis (Piper) D.D. Keck ex Soreng,San Francisco Bluegrass,681,157
9.09,18,Camissonia claviformis (Torr. & Frém.) P.H. Raven ssp. aurantiaca (Munz) P.H. Raven,Catillaria Lichen,682,599
2.29,21,Sapindus L.,Cooper's Lipfern,683,820
8.24,21,Leptochloa decipiens (R. Br.) Stapf ex Maiden,Thicket Globemallow,684,659
5.95,9,Escobaria dasyacantha (Engelm.) Britton & Rose,Kawich Range Beardtongue,685,438
1.68,14,Lilium philadelphicum L.,Lilypad Begonia,686,754
4.98,25,Ipomopsis havardii (A. Gray) V.E. Grant,Box Bedstraw,687,92
4.56,6,Lupinus adsurgens E. Drew var. adsurgens,Synsepalum,688,400
7.09,3,Sanvitalia procumbens Lam.,Neofuscelia Lichen,689,233
4.74,11,Dalea purpurea Vent. var. purpurea,Sheepbit,690,956
5.96,18,Fissidens Hedw.,Willamette Fleabane,691,597
3.45,8,Mycocalicium Vain.,Mossgrass,692,560
0.89,15,Pycnanthemum loomisii Nutt.,Florida Tasselflower,693,515
4.49,2,Ericameria fasciculata (Eastw.) J.F. Macbr.,Rio Grande Spikerush,694,785
4.02,12,Brickellia coulteri A. Gray,Umbrella Star Orchid,695,59
0.86,21,Orbignya cohune (Mart.) Dahlgren ex Standl.,Thymeleaf Buckwheat,696,143
7.86,17,Desmodium metcalfei (Rose & Painter) Kearney & Peebles,Amelasorbus,697,70
8.51,23,Ixora L.,Durango Yellowcress,698,317
7.2,22,Corispermum americanum (Nutt.) Nutt. var. rydbergii Mosyakin,Wart Lichen,699,971
8.25,21,Melampodium cinereum DC. var. hirtellum Stuessy,Red Turtlehead,700,229
7.5,12,Eryngium leavenworthii Torr. & A. Gray,Woolly Hawkweed,701,832
2.0,17,Orbignya barbosiana Burret,Maiden Fern,702,757
3.3,6,Rhodanthe chlorocephala (Turcz.) P. Wilson,Guyanese Wild Coffee,703,517
5.43,6,Pohlia andrewsii Shaw,Small-leaf Angelica,704,687
3.59,16,Toxicodendron Mill.,Weeping Grass,705,500
0.12,20,Amelanchier utahensis Koehne,Juan Tomas,706,14
9.03,4,Galega officinalis L.,Dwarf Ninebark,707,295
6.56,13,Cardionema ramosissimum (Weinm.) A. Nelson & J.F. Macbr.,Red Spider Lily,708,751
4.59,20,Erigeron utahensis A. Gray var. utahensis,Pitcherplant,709,149
2.69,6,Helianthemum Mill.,Single Delight,710,344
1.97,23,Physaria condensata Rollins,Disc Lichen,711,837
1.17,25,Limosella aquatica L.,Torrey's Blazingstar,712,649
3.72,8,Isatis L.,Boott's Sedge,713,870
4.14,22,Malus ×micromalus Makino [excluded],Luquillo Mountain Manjack,714,45
10.0,25,Myrsine juddii Hosaka,Grimmia Dry Rock Moss,715,57
3.33,23,Hedysarum occidentale Greene var. canone S.L. Welsh,Smooth Horsetail,716,345
5.69,24,Calystegia R. Br.,Saw Greenbrier,717,365
3.34,13,Crataegus holmesiana Ashe,Golden Dewdrops,718,492
2.62,25,Ranunculus andersonii A. Gray var. andersonii,Mexican Orange,719,342
6.15,2,Lesquerella argyraea (A. Gray) S. Watson,White Edge Sedge,720,417
5.48,25,Thelotrema lathraeum Tuck.,Sierra Lessingia,721,884
3.36,6,Eragrostis cilianensis (All.) Vign. ex Janchen,Edible Thistle,722,324
1.73,3,Oxytropis scammaniana Hultén,Melanelia Lichen,723,78
7.4,3,Juncus patens E. Mey.,Coastal Plain Staggerbush,724,576
5.31,18,Sesuvium trianthemoides Correll,Skin Lichen,725,932
6.83,9,Grindelia stricta DC. var. angustifolia (A. Gray) M.A. Lane,Incomplete Syrrhopodon Moss,726,419
1.59,9,Posidonia oceanica (L.) Delile,Pinkbracted Manzanita,727,348
9.07,1,Asplenium macraei Hook. & Grev.,Legousia,728,869
0.66,24,Digitaria didactyla Willd. [excluded],Thinleaf Brake,729,960
4.71,18,Castilleja densiflora (Benth.) T.I. Chuang & Heckard,Kaweah River Bush Monkeyflower,730,44
0.74,18,Artemisia cina O. Berg & C.F. Schmidt,Catalina Island Mountain Mahogany,731,463
9.01,19,Phacelia phacelioides (Benth.) Brand,Italian Cornsalad,732,851
4.67,17,Hyoscyamus niger L.,Rim Lichen,733,778
6.38,21,Spergularia rubra (L.) J. Presl & C. Presl,Hairyleaf Rush,734,331
4.83,15,Ochrosia kilaueaensis H. St. John,Koerberia Lichen,735,513
5.0,15,Campanula poscharskyana Degen,Small Pondweed,736,472
3.71,20,Hemidictyum marginatum (L.) C. Presl,Pineland Rayless Goldenrod,737,858
9.17,10,Astrantia L.,Kirk's Landolphia,738,501
8.03,3,Ixora L.,Grimmia Dry Rock Moss,739,914
6.52,21,Penstemon subserratus Pennell,Hairspine Pricklypear,740,138
1.82,22,Ruellia yucatana (Leonard) Tharp & F.A. Barkley,Lemmon's Poppy,741,8
0.67,2,Pilophorus robustus Th. Fr.,Shallow Sedge,742,206
3.74,10,Myriotrema glaucescens (Nyl.) Hale,Cercidospora Lichen,743,51
9.96,18,Phacelia higginsii N.D. Atwood,Wreath Lichen,744,587
0.43,16,Schoenocrambe linifolia (Nutt.) Greene,Long-tubercle Beehive Cactus,745,797
6.35,6,Lathyrus palustris L.,Lecanora Disc Lichen,746,978
5.32,14,Rytidosperma racemosum (R. Br.) Connor & Edgar,Wideleaf Waterparsnip,747,376
3.47,10,Pyrenopsis polycocca (Nyl.) Tuck.,Spanish Broom,748,906
9.75,18,Cladonia ochrochlora Flörke,Jaeger's Mousetail,749,889
2.67,23,Lonicera subspicata Hook. & Arn. var. subspicata,Tall Tickseed,750,862
5.08,8,Solanum umbelliferum Eschsch.,Aloina Moss,751,401
8.42,25,Micropus californicus Fisch. & C.A. Mey.,Trailing Fleabane,752,340
3.45,14,Nemophila pulchella Eastw. var. fremontii (Elmer) Constance,Eastern Pasqueflower,753,769
4.74,8,Hedysarum occidentale Greene var. canone S.L. Welsh,Giant Mountain Aster,754,635
9.09,9,Campanula bononiensis L.,Mexican Fireplant,755,748
9.51,6,Zebrina Schnizl.,Greenleaf Five Eyes,756,828
2.17,5,Sphaeralcea caespitosa M.E. Jones var. caespitosa,Orange Lichen,757,778
1.8,19,Myrsine juddii Hosaka,Grassland Beggarticks,758,85
7.0,8,Ludwigia hyssopifolia (G. Don) Exell apud A.R. Fernandes,Reflexed Craglily,759,257
7.18,17,Petunia integrifolia (Hook.) Schinz & Thell.,Rugel's Hoarypea,760,807
6.16,13,Stachys macrantha (K. Koch) Stearn,Crandall's Wild Hollyhock,761,406
7.85,10,Sporobolus nealleyi Vasey,Wart Lichen,762,167
2.43,2,Leymus ajanensis (V. Vassil.) Tzvelev,Matted Spikerush,763,93
7.21,23,Polemonium foliosissimum A. Gray,Rimmed Navel Lichen,764,699
4.97,9,Ipomopsis havardii (A. Gray) V.E. Grant,Wright's Milkpea,765,911
6.2,20,Thalia geniculata L.,Urban's Lovegrass,766,973
4.57,19,Melicope sessilis (H. Lév.) T.G. Hartley & B.C. Stone,Walter's Groundcherry,767,896
5.71,16,Varicellaria rhodocarpa (Körb.) Th. Fr.,Piorkowski's Clover,768,181
5.83,2,Loranthus L.,Berlandier's Wolfberry,769,235
1.29,7,Psiguria pedata (L.) Howard,Running Fleabane,770,873
6.2,19,Keckiella Straw,Homalium,771,823
4.8,8,Croton texensis (Klotzsch) Müll. Arg. var. utahensis Cronquist,Pioneer Rockcress,772,460
8.06,12,Wachendorfia Burm.,False Indigo,773,481
8.37,25,Solanum tenuilobatum Parish,Taxiphyllum Moss,774,94
3.27,12,Lycium puberulum A. Gray var. berberioides (Correll) Chiang,Heath False Brome,775,171
7.24,9,Caucalis L.,Micromitrium Moss,776,258
4.83,18,Nototrichium (A. Gray) Hillebr.,Copernicia,777,429
0.82,18,Ribes amarum McClatchie,Blackhead Fleabane,778,654
1.24,19,Pyrenopsis polycocca (Nyl.) Tuck.,Brachythecium Moss,779,74
4.31,22,Lewisia cotyledon (S. Watson) B.L. Rob. var. cotyledon,Sensitive Partridge Pea,780,467
1.27,1,Pediomelum pentaphyllum (L.) Rydb.,Wild Radish,781,583
0.18,22,Damasonium californicum Torr. ex Benth.,Indian Cucumber,782,802
8.08,24,Paronychia drummondii Torr. & A. Gray,Limestone Hedgehyssop,783,217
3.06,17,Pityopsis graminifolia (Michx.) Nutt. var. graminifolia,Graceful Sandmat,784,639
9.06,25,Monardella viridis Jeps. ssp. viridis,Calamus,785,661
8.99,7,Melicope haleakalae (B.C. Stone) T.G. Hartley & B.C. Stone,Hangingpod Milkvetch,786,133
4.51,19,Paronychia fastigiata (Raf.) Fernald var. paleacea Fernald,Lesser Saltmarsh Sedge,787,110
4.27,5,Dicranella schreberiana (Hedw.) Hilf. ex H.A. Crum & L.E. Anderson var. robusta (Schimp. ex Braithw.) H.A. Crum & L.E. Anderson,Timber Milkvetch,788,281
2.65,25,Calopogon pallidus Chapm.,Wullschlaegelia,789,697
8.9,8,Dudleya traskiae (Rose) Moran,Seaside Heliotrope,790,625
2.42,1,Sterculia apetala (Jacq.) Karst.,Smooth Fanpetals,791,554
4.44,19,Penstemon distans N.H. Holmgren,Erectstem Saltbush,792,744
3.8,20,Eragrostis gangetica (Roxb.) Steud.,Neckera Moss,793,33
7.72,3,Rudbeckia hirta L. var. angustifolia (T.V. Moore) Perdue,Giant White Wakerobin,794,785
1.67,8,Dicranum acutifolium (Lindb. & Arnell) C.E.O. Jensen ex Weinm.,Sand Milkweed,795,321
6.37,6,Lobelia kauaensis (A. Gray) A. Heller,Stiff Goldenrod,796,978
1.2,17,Houstonia acerosa (A. Gray) A. Gray ex Benth. & Hook. f. var. acerosa,Wolfsbane,797,491
3.56,10,Myriotrema Fée,Redtop Panicgrass,798,931
6.52,15,Centaurium sebaeoides (Griseb.) Druce,Bugheal,799,751
1.49,15,Poa kelloggii Vasey,Candle Snuffer Moss,800,646
9.81,5,Pittosporum ×monae Rock ex H. St. John (pro sp.),Kentucky Rinodina Lichen,801,863
1.63,13,Claytonia lanceolata Pall. ex Pursh var. lanceolata,Giant White Fawnlily,802,967
2.4,3,Lachnocaulon minus (Chapm.) Small,Spreading Blue-eyed Grass,803,159
1.8,12,Zebrina Schnizl.,Hedgehog Pricklypoppy,804,874
0.72,10,Rhodanthe chlorocephala (Turcz.) P. Wilson,Featherleaf Kittentails,805,817
4.34,15,Leymus salinus (M.E. Jones) Á. Löve ssp. mojavensis Barkworth & Atkins,Lanceleaf Springbeauty,806,611
0.77,7,Melissa L.,Disguised St. Johnswort,807,962
6.1,15,"Stuckenia filiformis (Pers.) Börner ssp. alpina (Blytt) Haynes, D.H. Les & M. Kral",Feather-head Knapweed,808,409
8.08,14,Digitaria Haller,Zulu Fescue,809,328
9.38,19,Peltula Nyl.,Touchardia,810,42
0.56,11,Corethrogyne filaginifolia (Hook. & Arn.) Nutt.,Chinese Licorice,811,49
8.68,2,Berberis wisleyensis Ahrendt,Mata Gallina,812,130
4.27,8,Ochrolechia groenlandica Verseghy,Pseuderanthemum,813,199
9.17,8,Phyllostachys nigra (Lodd. ex Lindl.) Munro,Pacific Aster,814,122
6.82,10,Lomatium stebbinsii Schlessman & Constance,Sweet Tanglehead,815,406
8.97,14,Perityle lindheimeri (A. Gray) Shinners,Creeping Cotoneaster,816,686
3.72,10,Viola macloskeyi Lloyd ssp. pallens (Banks ex Ging) M.S. Baker,Broadfruit Bur-reed,817,816
4.88,1,Scabrethia scabra (Hook.) W.A. Weber ssp. scabra,Lakecress,818,477
9.78,3,Eriophyllum multicaule (DC.) A. Gray,Pore Lichen,819,188
5.59,22,Pinus leiophylla Schiede & Deppe var. chihuahuana (Engelm.) Shaw,Common Woolly Sunflower,820,693
5.72,23,Packera contermina (Greenm.) J.F. Bain,Angularfruit Milkvine,821,339
0.25,5,Borassus L.,Salinas River Tarweed,822,897
7.94,3,Verbesina aristata (Elliott) A. Heller,Largeleaf Marshpennywort,823,916
5.22,20,Platydesma spathulata (A. Gray) B.C. Stone,Nodding Bluet,824,740
7.03,11,Crataegus uvaldensis Sarg.,Cracked Lichen,825,968
2.18,1,Polygala californica Nutt.,Wisconsin Penstemon,826,209
1.44,7,Triphysaria eriantha (Benth.) T.I. Chuang & Heckard ssp. rosea (A. Gray) T.I. Chuang & Heckard,Closed Bottle Gentian,827,318
7.17,8,Atriplex elegans (Moq.) D. Dietr. var. fasciculata (S. Watson) M.E. Jones,Paxistima,828,627
4.6,17,Astragalus nuttallianus DC. var. imperfectus (Rydb.) Barneby,Phyllostegia,829,206
9.11,23,Euonymus atropurpureus Jacq.,Broadtooth Monkeyflower,830,739
2.93,6,Callirhoe alcaeoides (Michx.) A. Gray,Urera,831,239
2.21,25,Castilleja lemmonii A. Gray,Michuacan Lady Orchid,832,580
5.0,14,Pedicularis lanceolata Michx.,Tall Tonguefern,833,172
5.02,9,Ranunculus occidentalis Nutt. var. occidentalis,Hybrid Oak,834,45
1.33,16,Henriettea macfadyenii (Triana) Alain,Buttonsage,835,252
9.3,7,Skimmia japonica Thunb.,Heartleaf Maiden Fern,836,60
8.47,8,Penstemon perpulcher A. Nelson,Hedwig's Weissia Moss,837,84
9.0,18,Scutellaria drummondii Benth. var. runyonii B.L. Turner,Japanese Jasmine,838,538
5.36,20,Psidium longipes (Berg) McVaugh var. orbiculare (Berg) McVaugh,Tylophoron Lichen,839,721
2.92,12,Eucalyptus rubida H. Deane & Maiden,Hybrid Oak,840,810
3.51,17,Digitaria panicea (Sw.) Urb.,Mexican Weeping Pine,841,777
3.97,7,Pinguicula vulgaris L.,Bahiagrass,842,536
0.59,22,Polanisia tenuifolia Torr. & A. Gray,Clubmoss Mountain Heather,843,826
3.5,13,Quercus ×fontana Laughlin,Dwarf Goldenrod,844,236
3.41,2,Cuscuta californica Hook. & Arn. var. apiculata Engelm.,Amazonian Coca,845,998
8.59,8,Tragia ramosa Torr.,Sonoran Pricklyleaf,846,405
4.31,3,Lemna trisulca L.,Tuberous Comfrey,847,795
2.78,19,Lechea racemulosa Michx.,Jones' Townsend Daisy,848,746
1.59,25,Anaptychia palmulata (Michx.) Vain.,Virginia Springbeauty,849,261
7.44,23,Iris missouriensis Nutt.,Carolina Doll's Daisy,850,710
7.51,21,Lupinus densiflorus Benth. var. densiflorus,Molokai Jackbean,851,526
8.79,10,Saxifraga bryophora A. Gray var. bryophora,Giant Horsetail,852,482
4.85,12,Carex atrosquama Mack.,Broadbeard Beardtongue,853,546
6.16,8,Cheilanthes clevelandii D.C. Eaton,Goldenbush,854,252
0.69,4,Lupinus latifolius Lindl. ex J. Agardh,Dubakella Mountain Buckwheat,855,885
2.57,19,Physalis crassifolia Benth. var. versicolor (Rydb.) Waterf.,Oval-leaf Spikemoss,856,675
1.64,15,Symphyotrichum priceae (Britton) G.L. Nesom,Brackenridge's Rosemallow,857,195
1.72,24,Evolvulus squamosus Britton,Lake Louise Arnica,858,867
2.4,17,Quercus garryana Douglas ex Hook.,Piper's Sedge,859,323
8.61,14,Ruellia yucatana (Leonard) Tharp & F.A. Barkley,Brazilian Morning-glory,860,941
5.04,10,Rhynchospora chapmanii M.A. Curtis,Forbes's Hawthorn,861,870
7.33,3,Arthopyrenia majuscula (Nyl.) Zahlbr.,Guayule,862,352
1.12,18,Osmunda regalis L. var. spectabilis (Willd.) A. Gray,Annual Phlox,863,874
9.43,16,Dryas drummondii Richardson ex Hook. var. drummondii,Rigid Cartilage Lichen,864,55
3.79,10,Banisteriopsis caapi (Spruce ex Griseb.) Morton,Starveling Milkvetch,865,692
7.97,2,Anaptychia palmulata (Michx.) Vain.,Abert's Buckwheat,866,49
9.28,19,Lathyrus annuus L.,Jointvetch,867,528
6.88,3,Eucharis amazonica Linden ex Planch.,Trans-pecos Ayenia,868,340
1.5,4,Luziola bahiensis (Steud.) Hitchc.,Konor Rhododendron,869,59
3.88,10,Saxifraga lyallii Engl. ssp. hultenii (Calder & Savile) Calder & Roy L. Taylor,Dogwood,870,705
5.15,2,Lecanora intricata (Ach.) Ach.,Giant Wakerobin,871,20
0.21,17,Astragalus neomexicanus Wooton & Standl.,Gorge Fleabane,872,432
7.64,11,Phacelia infundibuliformis Torr.,Arctic Rush,873,816
4.06,21,Usnea merrillii Mot.,Beach Clustervine,874,971
6.57,11,Pittosporum resiniferum Hemsl.,Horehound,875,619
4.6,9,Polygala californica Nutt.,Menzies' Cartilage Lichen,876,937
4.82,10,Rorippa sessiliflora (Nutt.) Hitchc.,False Calico,877,667
3.66,4,Amelanchier utahensis Koehne,Pale Blue-eyed Grass,878,21
7.15,24,Fissidens obtusifolius Wilson var. obtusifolius,Yam Bean,879,10
5.01,15,Sphagnum molle Sull.,Munk's Rhubarb,880,611
9.11,3,Eriophyllum multicaule (DC.) A. Gray,Hierba Del Soldado,881,232
2.95,8,Saxifraga bryophora A. Gray var. bryophora,Laramie Columbine,882,75
7.06,2,Digitaria panicea (Sw.) Urb.,Plantainleaf Dubautia,883,100
4.65,3,Calamovilfa longifolia (Hook.) Scribn.,Grassy Arrowhead,884,617
6.27,22,Sagina decumbens (Elliott) Torr. & A. Gray,Richardson's Alumroot,885,906
3.54,25,Betula lenta L.,Analogue Sedge,886,220
9.98,2,Lesquerella pendula Rollins,Harlequinbush,887,921
7.44,8,Ambrosia trifida L.,Woolly Bluecurls,888,6
9.33,24,Capsicum L.,Roble Beech,889,235
1.9,7,Pogogyne douglasii Benth.,Canadian Rush,890,287
4.31,13,Camissonia claviformis (Torr. & Frém.) P.H. Raven ssp. aurantiaca (Munz) P.H. Raven,White Arctic Mountain Heather,891,822
1.02,8,Rubus curtipes L.H. Bailey,Sparseflower Jewelflower,892,131
3.49,8,Plagiomnium cuspidatum (Hedw.) T. Kop.,Parachute Sedge,893,300
4.55,21,Nephelium L.,Peanut,894,64
3.45,8,Scutellaria potosina Brandegee ssp. potosina var. tessellata (Epling) B.L. Turner,Prickly Hornwort,895,197
7.17,20,Aureolaria flava (L.) Farw.,Giant Purple Wakerobin,896,808
1.56,18,Cirsium chuskaense J.W. Moore & Frankton,Burroweed,897,412
5.2,10,Ilex opaca Aiton var. opaca,Sacapellote,898,763
6.31,11,Loranthus L.,Big Carpetgrass,899,923
8.4,20,Thelypodiopsis divaricata (Rollins) S.L. Welsh & Reveal,Svenson's Wildrye,900,629
7.57,9,Justicia sphaerosperma Vahl.,Missouri Goldenrod,901,573
0.72,9,Helianthus strumosus L.,Bastardcedar,902,223
6.4,11,Usnea xanthopoga Nyl.,Pointed Sandmat,903,659
7.52,11,Conyza primulifolia (Lam.) Cuatrec. & Lourteig,Wedge Sandmat,904,70
9.99,14,Bobea brevipes A. Gray,Iwatsukiella Moss,905,844
0.08,4,Lecidea soredifera Lowe,Wartleaf Ceanothus,906,879
5.49,11,Aeschynomene gracilis Vogel,Ama'u,907,776
2.66,9,Andrographis echioides (L.) Nees,Texas Feathershank,908,881
7.79,21,Gilia flavocincta A. Nelson ssp. flavocincta,Northern Cluster Sedge,909,54
4.84,10,Psidium longipes (Berg) McVaugh var. orbiculare (Berg) McVaugh,Mountainmeadow Cinquefoil,910,569
5.46,16,Didymodon perobtusus Broth.,Mucronleaf Tortula Moss,911,727
8.88,12,Grindelia stricta DC. var. angustifolia (A. Gray) M.A. Lane,Narrow Corncockle,912,986
6.57,8,Anaptychia palmulata (Michx.) Vain.,Chaparral Nightshade,913,73
4.82,1,Malus ×micromalus Makino [excluded],Warner's Dodder,914,846
0.62,7,Dyschoriste schiedeana (Nees) Kuntze var. cinerascens Henrickson & Hilsenb.,Mountain Clearweed,915,175
6.09,10,Salvia splendens Sellow ex Roem. & Schult.,Spearleaf Arnica,916,30
3.82,11,Sarracenia rubra Walter ssp. jonesii (Wherry) Wherry,Stiffbranch Bird's Beak,917,173
2.0,13,Crescentia portoricensis Britton,Hornschuch's Molendoa Moss,918,44
5.73,3,Berlandiera lyrata Benth.,Selfheal,919,790
1.08,9,Euphrasia hudsoniana Fernald & Wiegand var. ramosior Sell & Yeo,Parry's Buckwheat,920,152
5.86,1,Rytidosperma racemosum (R. Br.) Connor & Edgar,Narrowseed Yampah,921,37
6.67,2,Geranium arboreum A. Gray,Red Brome,922,828
0.75,14,Petunia integrifolia (Hook.) Schinz & Thell.,Woollypod Milkvetch,923,130
1.25,22,Bromus lanatipes (Shear) Rydb.,Peacock Flower,924,755
3.21,14,Quercus ×fontana Laughlin,Tree Tobacco,925,274
7.5,5,Lagophylla minor (D.D. Keck) D.D. Keck,Kindberg's Climacium Moss,926,353
2.79,19,Pachycereus (A. Berger) Britton & Rose,Fijian Sawsedge,927,833
3.38,21,Aristida stricta Michx.,Garcinia,928,262
4.14,22,Keckiella Straw,Nelsonia,929,923
2.43,9,Ranunculus nivalis L.,Trans-pecos Indian Parsley,930,13
7.3,24,Dalbergia candenatensis (Dennst.) Prain,Oil Palm,931,911
4.07,16,Pilophorus robustus Th. Fr.,Mexican Silverbush,932,322
6.48,15,Penstemon acuminatus Douglas ex Lindl. var. acuminatus,Pointed Phlox,933,60
9.26,10,Stachys macrantha (K. Koch) Stearn,Coast Lily,934,504
9.0,16,Eruca vesicaria (L.) Cav.,Glandular False Calico,935,825
2.15,13,Usnea merrillii Mot.,Hybrid Oak,936,538
9.99,12,Schiedeella arizonica P.M. Brown,Diapensia,937,63
9.11,4,Ipomopsis havardii (A. Gray) V.E. Grant,Hybrid Oak,938,977
6.34,20,Carex sterilis Willd.,Joinvillea,939,663
9.87,7,Phacelia rattanii A. Gray,Hooded Pitcherplant,940,366
1.28,19,Guaiacum angustifolium Engelm.,King Bladderpod,941,386
4.68,18,Helenium bigelovii A. Gray,Intermediate Candle Snuffer Moss,942,341
5.07,14,Verrucaria aquilella Nyl.,Eurhynchium Moss,943,315
1.49,13,Tragia brevispica Engelm. & A. Gray,Siberian Bog Sedge,944,468
8.15,2,Ruellia yucatana (Leonard) Tharp & F.A. Barkley,Strawberry Groundcherry,945,163
6.81,5,Ceanothus cyaneus Eastw.,Baby Jump-up,946,760
7.04,16,Plagiomnium cuspidatum (Hedw.) T. Kop.,Roundheaded Leek,947,441
5.41,12,Poa nemoralis L. ssp. interior (Rydb.) W.A. Weber,Hawai'i Scaleseed,948,151
1.17,11,Eragrostis gangetica (Roxb.) Steud.,Derris,949,234
3.72,11,Lobularia Desv.,Pancratium,950,838
5.62,2,Psathyrostachys Nevski,Kipuka Piaula,951,777
9.83,5,Dacrydium Lamb.,Musky Stork's Bill,952,749
6.27,13,Polygonum bungeanum Turcz.,Marigold,953,601
9.87,6,Horkelia daucifolia (Greene) Rydb. ssp. daucifolia,Erectleaf Panicgrass,954,759
1.1,17,Trigonella procumbens (Besser) Rchb.,Arnold's Disc Lichen,955,35
5.77,10,Pinckneya bracteata (W. Bartram) Raf.,Spotted Lady's Slipper,956,932
1.71,8,Spiranthes casei Catling & Cruise var. novaescotiae Catling,Paper Birch,957,310
5.35,10,Usnea xanthopoga Nyl.,Siltbush,958,501
1.39,21,Trifolium gracilentum Torr. & A. Gray var. gracilentum,Carolina Primrose-willow,959,756
3.45,3,Eriogonum panguicense (M.E. Jones) Reveal,Sulphur Clover,960,397
1.69,9,Orthotrichum holzingeri Renauld & Cardot,Mayten,961,595
9.58,7,Lupinus pachylobus Greene,Gooseberryleaf Alumroot,962,56
0.54,4,Verrucaria aquilella Nyl.,Prostrate Milkweed,963,896
1.79,17,Viola ×consobrina House,Sauvagesia,964,832
1.67,22,Centaurium sebaeoides (Griseb.) Druce,Scotch Cottonthistle,965,717
3.89,10,Aegiphila elata Sw.,Linanthus,966,132
1.21,17,Rubus plus L.H. Bailey,Caribbean Curlygrass Fern,967,751
0.79,22,Vernicia Lour.,Small Bonny Bellflower,968,899
0.68,8,Castilleja attenuata (A. Gray) T.I. Chuang & Heckard,Owl's-clover,969,239
7.83,24,Pseudobraunia californica (Lesq.) Broth.,Spike Lichen,970,437
5.46,2,Penstemon acuminatus Douglas ex Lindl. var. acuminatus,Speckled Clarkia,971,655
0.42,20,Polygonum bistorta L.,Campylopodiella Moss,972,941
0.59,14,Cyperus echinatus (L.) Alph. Wood,Big Galleta,973,182
4.29,22,Podocarpus macrophyllus (Thunb.) Sweet var. maki Endl.,Rasp-leaf Pelargonium,974,245
9.5,21,Pediomelum pentaphyllum (L.) Rydb.,Indian-physic,975,600
0.58,5,Hieracium glomeratum Froel.,Hybrid Rhododendron,976,551
0.34,1,Saussurea angustifolia (Willd.) DC. var. angustifolia,Common Coleus,977,933
4.97,5,Helianthus strumosus L.,Mesquite,978,891
9.06,22,Cardionema ramosissimum (Weinm.) A. Nelson & J.F. Macbr.,Frost Grass,979,903
0.15,15,Xanthoparmelia monticola (J.P. Dey) Hale,Pachystachys,980,623
1.63,15,Bromus marginatus Nees ex Steud.,Black Willow,981,611
1.0,15,Penstemon baccharifolius Hook.,Slender Spiderling,982,408
9.65,20,Ipomoea meyeri (Spreng.) G. Don,Cassava,983,385
3.4,1,Sterculia apetala (Jacq.) Karst.,Garden Leek,984,937
9.45,6,Calopogon pallidus Chapm.,Naked Buckwheat,985,849
3.89,1,Physalis crassifolia Benth. var. versicolor (Rydb.) Waterf.,Payson's Draba,986,50
9.59,5,Isoetes ×eatonii R. Dodge (pro sp.),Tall Chamomile,987,272
4.49,1,Arctostaphylos viscida Parry ssp. viscida,Rauiella Moss,988,497
1.25,2,Matelea flavidula (Chapm.) Woodson,Feltleaf Willow,989,2
3.08,25,Physalis peruviana L.,Whitestem Frasera,990,337
8.93,2,Bryum muehlenbeckii Bruch & Schimp.,Damiana,991,653
1.02,1,Aristocapsa Reveal & Hardham,Jaeger's Milkvetch,992,186
6.12,14,Suaeda esteroa Ferren & Whitmore,Small Coastal Germander,993,8
1.44,10,Sanicula smallii E.P. Bicknell,Loosestrife,994,253
5.5,25,Streptanthus albidus Greene ssp. albidus,Chinese Photinia,995,782
2.32,12,Ericameria fasciculata (Eastw.) J.F. Macbr.,Wall Barley,996,789
6.09,16,Lepidium fremontii S. Watson var. fremontii,Common Hop,997,456
8.08,22,Gentianopsis simplex (A. Gray) Iltis,Seaside Arrowgrass,998,892
0.6,20,Saxifraga virginiensis Michx.,Custard Orchid,999,332
4.82,9,Cardiospermum dissectum (S. Watson) Radlk.,Follett's Monardella,1000,45
